id,corner_index,outline,point,type,latitude,longitude,northing,easting,northingWGS84,eastingWGS84,license_id
1,1A,1,1,I,16.25416667,82.11666667,1797375.256,619328.0963,1797380.202,619344.5565,-634050871
2,1B,1,2,I,16.25416667,81.63055556,1797153.533,567379.3187,1797158.439,567395.7711,-634050871
3,1C,1,3,I,16.33777778,81.63055556,1806402.857,567350.755,1806407.764,567367.2003,-634050871
4,1D,1,4,I,16.35383472,81.5,1808140.398,553401.1833,1808145.295,553417.6254,-634050871
5,1E,1,5,I,15.97387778,81.5,1766109.685,553503.2939,1766114.575,553519.7677,-634050871
6,1F,1,6,I,15.78833333,81.25,1745537.671,526775.9348,1745542.539,526792.4202,-634050871
7,1G,1,7,I,15.97388889,81.25,1766062.728,526751.4279,1766067.599,526767.8982,-634050871
8,1H,1,8,I,16.07777778,81.44497222,1777589.48,547590.2096,1777594.368,547606.674,-634050871
9,1I,1,9,I,16.07777778,81.25,1777554.456,526737.5851,1777559.328,526754.0468,-634050871
10,1J,1,10,I,16.25277778,81.25,1796912.431,526714.0691,1796917.305,526730.5162,-634050871
11,1K,1,11,I,15.97083333,81.15833333,1765715.12,516942.8005,1765719.984,516959.2698,-634050871
12,1L,1,12,I,15.41277778,81.33888889,1704010.029,536362.4273,1704014.898,536378.9442,-634050871
13,1M,1,13,I,15.50833333,82.11666667,1714862.836,619768.2049,1714867.768,619784.727,-634050871
14,1N,1,14,I,15.95666667,82.11666667,1764461.825,619506.0654,1764466.765,619522.5506,-634050871
15,1O,1,15,I,15.76916667,81.71666667,1743532.19,576766.3993,1743537.094,576782.8933,-634050871
16,1P,1,16,I,16.05222222,81.6,1774804.394,564179.2228,1774809.294,564195.6916,-634050871
17,1Q,1,17,I,16.1525,81.79333333,1785967.108,584817.5802,1785972.025,584834.0437,-634050871
18,1R,1,18,I,16.11083333,81.92416667,1781415.939,598826.9724,1781420.866,598843.4414,-634050871
19,1S,1,19,I,16.22333333,82.11666667,1793964.019,619346.6901,1793968.964,619363.1529,-634050871
20,1A,1,1,I,15.48333333,82,1712035.861,607266.8797,1712035.861,607266.8797,1027067113
21,1B,1,2,I,14.5,82,1603260.441,607758.0231,1603260.441,607758.0231,1027067113
22,1C,1,3,I,14.5,82.5,1603554.853,661646.0683,1603554.853,661646.0683,1027067113
23,1D,1,4,I,16.52833333,82.49944444,1827973.879,660014.9817,1827973.879,660014.9817,1027067113
24,1E,1,5,I,16.47833333,82.41666667,1822377.489,651218.5566,1822377.489,651218.5566,1027067113
25,1F,1,6,I,16.52861111,82.41666667,1827940.636,651179.4737,1827940.636,651179.4737,1027067113
26,1G,1,7,I,16.33055556,82.25361111,1805912.121,633912.1455,1805912.121,633912.1455,1027067113
27,1H,1,8,I,16.16666667,82.25,1787777.189,633637.0571,1787777.189,633637.0571,1027067113
28,1I,1,9,I,16.16666667,82.11666667,1787695.197,619380.8105,1787695.197,619380.8105,1027067113
29,1J,1,10,I,15.5,82.11666667,1713941.374,619773.0462,1713941.374,619773.0462,1027067113
30,1A,1,1,I,16.4365,82.07147222,1817522.233,614391.9447,1817522.233,614391.9447,605803028
31,1B,1,2,I,16.53013889,82.1635,1827936.554,624158.3609,1827936.554,624158.3609,605803028
32,1C,1,3,I,16.55008333,82.24491667,1830195.217,632833.8867,1830195.217,632833.8867,605803028
33,1D,1,4,I,16.55738889,82.31036111,1831047.907,639812.6095,1831047.907,639812.6095,605803028
34,1E,1,5,I,16.54369444,82.31786111,1829537.919,640622.8911,1829537.919,640622.8911,605803028
35,1F,1,6,I,16.43425,82.27119444,1817396.664,635718.8711,1817396.664,635718.8711,605803028
36,1G,1,7,I,16.34577778,82.1205,1807513.39,619682.1733,1807513.39,619682.1733,605803028
37,1A,1,1,I,21.43333333,72.63166667,2371767.345,254561.8195,2372039.649,254476.4915,-2059557770
38,1B,1,2,I,21.43333333,72.5,2371979.404,240910.546,2372251.716,240825.1708,-2059557770
39,1C,1,3,I,21.63083333,72.30583333,2394188.186,221155.1848,2394460.585,221069.753,-2059557770
40,1D,1,4,I,21.5,72.2725,2379757.016,217449.5458,2380029.367,217364.0937,-2059557770
41,1E,1,5,I,21.25666667,72.08694444,2353149.381,197715.44,2353421.651,197629.9046,-2059557770
42,1F,1,6,I,21.19166667,72.125,2345876.95,201535.9971,2346149.192,201450.4707,-2059557770
43,1G,1,7,I,21,71.75,2325394.353,162142.6032,2325666.548,162056.9258,-2059557770
44,1H,1,8,I,21,72.75,2323603.946,266147.6025,2323876.074,266062.2924,-2059557770
45,1I,1,9,I,21.35333333,72.63416667,2362904.411,254687.5011,2363176.684,254602.1693,-2059557770
46,2A,2,1,E,21.26666667,72.63083333,2353312.407,254197.4217,2353584.646,254112.0835,-2059557770
47,2B,2,2,E,21.24833333,72.63083333,2351282.238,254166.9682,2351554.471,254081.629,-2059557770
48,2C,2,3,E,21.24833333,72.65916667,2351238.401,257108.156,2351510.632,257022.8271,-2059557770
49,2D,2,4,E,21.26666667,72.65916667,2353268.539,257138.2444,2353540.777,257052.9166,-2059557770
50,3A,3,1,E,21.07,72.58055556,2331612.975,248646.4983,2331885.14,248561.1298,-2059557770
51,3B,3,2,E,21.02972222,72.6,2327122.196,250600.3016,2327394.344,250514.9378,-2059557770
52,3C,3,3,E,21.07388889,72.68555556,2331881.428,259565.6247,2332153.589,259480.2951,-2059557770
53,3D,3,4,E,21.11444444,72.66388889,2336405.134,257379.8084,2336677.313,257294.4732,-2059557770
54,4A,4,1,E,21.06666667,72.33333333,2331654.108,222943.4573,2331926.287,222857.9979,-2059557770
55,4B,4,2,E,21.085,72.4,2333569.935,229906.6228,2333842.118,229821.189,-2059557770
56,4C,4,3,E,21.085,72.46666667,2333458.195,236835.5068,2333730.373,236750.0974,-2059557770
57,4D,4,4,E,21.06333333,72.46666667,2331058.728,236797.3332,2331330.898,236711.9225,-2059557770
58,4F,4,6,E,21.06666667,72.33333333,2331654.108,222943.4573,2331926.287,222857.9979,-2059557770
59,1J,1,10,I,21.43333333,72.63166667,2371767.345,254561.8195,2372039.649,254476.4915,-2059557770
60,2E,2,5,E,21.26666667,72.63083333,2353312.407,254197.4217,2353584.646,254112.0835,-2059557770
61,3E,3,5,E,21.07,72.58055556,2331612.975,248646.4983,2331885.14,248561.1298,-2059557770
62,4E,4,5,E,21.02333333,72.33333333,2326854.808,222863.1862,2327126.97,222777.7238,-2059557770
63,1T,1,20,i,16.25416667,82.11666667,1797375.256,619328.0963,1797380.202,619344.5565,-634050871
64,1H,1,8,i,16.4365,82.07147222,1817522.233,614391.9447,1817522.233,614391.9447,605803028
65,1K,1,11,i,15.48333333,82,1712035.861,607266.8797,1712035.861,607266.8797,1027067113
66,1F,1,6,i,32.05,30.51666667,1037387.948,569352.4338,3548692.909,265692.2317,1031837429
67,2E,2,5,e,32.06666667,30.48333333,1039250.71,566213.1357,3550614.039,262587.2057,2005899409
68,2F,2,6,e,32.05,30.48333333,1037402.527,566204.2895,3548765.849,262544.0885,2005899409
69,2G,2,7,e,32.05,30.51666667,1037387.948,569352.4338,3548692.909,265692.2317,2005899409
70,2H,2,8,e,32.06666667,30.51666667,1039236.127,569360.7093,3550541.078,265734.7766,2005899409
71,2I,2,9,e,32.06666667,30.6,1039203.923,577229.6146,3550362.94,273603.5524,2005899409
72,2J,2,10,e,32.01666667,30.6,1033659.429,577209.0784,3544818.595,273480.2669,2005899409
73,2K,2,11,e,32.01666667,30.66666667,1033638.059,583507.5998,3544680.588,279778.5666,2005899409
74,2L,2,12,e,32.06666667,30.66666667,1039182.535,583524.7132,3550224.816,279898.4211,2005899409
75,2N,2,14,e,32.16666667,30.65,1050276.609,581986.9542,3561347.604,278566.648,2005899409
76,2O,2,15,e,32.16666667,30.58333333,1050299.007,575698.7105,3561486.938,272278.6226,2005899409
77,2P,2,16,e,32.15,30.58333333,1048450.807,575691.5565,3559638.785,272237.1063,2005899409
78,2Q,2,17,e,32.15,30.48333333,1048491.697,566257.4291,3559855.048,262803.0933,2005899409
79,2R,2,18,e,32.13333333,30.48333333,1046643.49,566248.5622,3558006.838,262759.8756,2005899409
80,2S,2,19,e,32.13333333,30.45,1046659.063,563103.2672,3558080.857,259614.5613,2005899409
81,2M,2,13,e,32.06666667,30.65,1039187.517,581950.9405,3550258.981,278324.7164,2005899409
82,1B,1,2,i,31.8,30.2,1009842.832,539240.0146,3521700.001,235066.3282,1031843286
83,1C,1,3,i,31.8,30.35,1009748.108,553445.3165,3521343.688,249272.5987,1031843286
84,1D,1,4,i,31.76666667,30.35,1006051.861,553423.2293,3517647.263,249182.4851,1031843286
85,1E,1,5,i,31.76666667,30.43333333,1006007.732,561317.8112,3517457.917,257077.3623,1031843286
86,1F,1,6,i,31.73333333,30.43333333,1002311.53,561298.5742,3513761.617,256990.1713,1031843286
87,1G,1,7,i,31.73333333,30.48333333,1002287.968,566036.9959,3513650.984,261728.6886,1031843286
88,1H,1,8,i,31.6,30.48333333,987503.4095,565967.004,3498866.199,261387.5411,1031843286
89,1I,1,9,i,31.6,30.6,987456.999,577039.0645,3498617.12,272459.6135,1031843286
90,1J,1,10,i,31.65,30.6,993001.1316,577059.3603,3504161.165,272581.4568,1031843286
91,1K,1,11,i,31.65,30.7,992970.7274,586544.566,3503956.915,282066.3763,1031843286
92,1L,1,12,i,31.7,30.7,998514.8766,586559.8093,3509500.817,282183.2995,1031843286
93,1M,1,13,i,31.7,30.75,998502.9217,591299.856,3509401.87,286923.0995,1031843286
94,1N,1,14,i,31.63333333,30.75,991110.7465,591282.9231,3502010.125,286770.633,1031843286
95,1O,1,15,i,31.63333333,30.8,991100.9767,596026.3483,3501913.47,291513.7535,1031843286
96,1P,1,16,i,31.65,30.8,992949.0104,596029.7325,3503761.372,291550.9952,1031843286
97,1A,1,1,I,32.43035181,34.58484171,204250,111250,3589293.269,649073.2759,2136970423
98,1A,1,1,I,32.51017873,34.81576359,213000,133000,3598489.672,670635.9856,719462222
99,1B,1,2,I,32.37942698,34.81632448,198500,133000,3583993.634,670935.3172,719462222
100,1A,1,1,i,32.5,29.7,1087932.328,492824.5564,3600678.206,190088.473,2005899409
101,1B,1,2,i,32.5,31.3,1087227.191,643193.3575,3597150.382,340455.2506,2005899409
102,1C,1,3,i,32.1,31.3,1042869.635,643317.4648,3552802.503,339751.9245,2005899409
103,1Q,1,17,i,31.65,30.85,992941.4095,600772.3051,3503666.865,296293.1959,1031843286
104,1R,1,18,i,31.75,30.85,1004029.7,600787.5591,3514754.197,296511.9218,1031843286
105,1S,1,19,i,31.75,30.81666667,1004034.534,597629.2344,3514817.07,293353.8591,1031843286
106,1T,1,20,i,31.76666667,30.81666667,1005882.601,597632.3469,3516664.991,293390.9408,1031843286
107,1U,1,21,i,31.76666667,30.8,1005885.382,596053.4666,3516696.8,291812.1812,1031843286
108,1V,1,22,i,32,30.8,1031758.835,596101.1706,3542568.264,292337.1455,1031843286
109,1W,1,23,i,32,30.2,1032021.038,539403.6647,3543880.095,235639.5786,1031843286
110,1B,1,2,I,32.64082453,34.78322657,227499.9999,130000,3612923.406,667336.3827,1032188321
111,1D,1,4,i,32.00482478,34.71207717,156999.9999,123000,3542300.811,661788.7615,1032182007
112,1E,1,5,i,32.04991394,34.71183586,161999.9999,123000,3547299.234,661686.737,1032182007
113,1F,1,6,i,32.04974226,34.6694823,161999.9999,119000,3547217.562,657687.9259,1032182007
114,1G,1,7,i,32.20755073,34.6685605,179499.9999,119000,3564711.644,657329.8436,1032182007
115,1H,1,8,i,32.23016097,34.68434207,181999.9999,120500,3567241.574,658778.1021,1032182007
116,1I,1,9,i,32.23028796,34.71616984,181999.9999,123500,3567303.136,661777.211,1032182007
117,1J,1,10,i,32.37942698,34.81632448,198499.9998,133000,3583993.634,670935.3172,1032182007
118,1K,1,11,i,32.44850031,34.81602863,206159.9998,133000,3591651.546,670777.3213,1032182007
119,1B,1,2,I,32.4486741,34.87717886,206159.9999,138750,3591770.263,676525.915,1032182007
120,1C,1,3,I,32.44653285,34.67246807,205999.9999,119500,3591212.895,657284.4645,1032188321
121,1D,1,4,I,32.44644121,34.65119907,205999.9999,117500,3591171.61,655285.0948,1032188321
122,1E,1,5,I,32.30179161,34.57244579,189999.9999,110000,3575023.023,648117.1876,1032188321
123,1F,1,6,I,32.30189615,34.59368085,189999.9999,112000,3575064.142,650116.5067,1032188321
124,1G,1,7,I,32.22957288,34.55703195,182000,108500,3566995.341,646782.0119,1032188321
125,1H,1,8,I,32.2294624,34.53581377,182000,106500,3566954.305,644782.7153,1032188321
126,1I,1,9,I,32.06667501,34.45227562,164000,98500,3548798.149,637154.1235,1032188321
127,1J,1,10,I,32.06624772,34.38343969,164000.0001,92000,3548665.391,630656.6628,1032188321
128,1L,1,12,I,32.29229041,34.48226886,189000,101500,3573848.702,639640.7964,1032188321
129,1M,1,13,I,32.29241009,34.50350159,189000,103500,3573889.809,641640.0553,1032188321
130,1A,1,1,I,32.64053087,34.70329568,227499.9999,122500,3612767.753,659838.5477,1032188321
131,1C,1,3,I,32.3793248,34.78444441,198499.9999,130000,3583931.814,667936.1021,719462222
132,1D,1,4,I,32.39285091,34.7843818,199999.9999,130000,3585431.383,667905.1874,719462222
133,1E,1,5,I,32.39268243,34.7365547,199999.9999,125500,3585338.622,663406.4355,719462222
134,1F,1,6,I,32.3791564,34.73662443,198499.9999,125500,3583839.087,663437.3489,719462222
135,1G,1,7,I,32.37903406,34.70474456,198499.9999,122500,3583777.271,660438.2256,719462222
136,1H,1,8,I,32.29319386,34.66274877,188999.9999,118500,3574198.13,656634.9548,719462222
137,1I,1,9,I,32.29328537,34.68451276,188999.9999,120550,3574240.269,658684.3233,719462222
138,1J,1,10,I,32.19388563,34.63682472,177999.9999,116000,3563150.655,654361.5393,719462222
139,1K,1,11,I,32.07665724,34.63755038,164999.9999,116000,3550155.253,654627.586,719462222
140,1L,1,12,I,32.07679542,34.66932479,164999.9999,119000,3550216.551,657626.6518,719462222
141,1M,1,13,I,32.04974226,34.6694823,161999.9999,119000,3547217.562,657687.9259,719462222
142,1N,1,14,I,32.04969713,34.65889394,161999.9999,118000,3547197.144,656688.2328,719462222
143,1O,1,15,I,32.01813502,34.65908107,158499.9999,118000,3543698.339,656759.6602,719462222
144,1P,1,16,I,32.01792125,34.6114499,158499.9999,113500,3543606.543,652261.0862,719462222
145,1Q,1,17,I,32.07653599,34.61107178,164999.9999,113500,3550104.172,652128.3907,719462222
146,1R,1,18,I,32.07597223,34.50092161,165000,103100,3549891.686,641731.9854,719462222
147,1S,1,19,I,32.43756233,34.68368617,204999.9999,120550,3590234.907,658354.7796,719462222
148,1T,1,20,I,32.43790182,34.77353927,204999.9999,129000,3590409.304,666802.3266,719462222
149,1U,1,21,I,32.51003999,34.77319543,212999.9999,129000,3598406.95,666637.0515,719462222
150,1V,1,22,I,32.51017873,34.81576359,212999.9999,133000,3598489.672,670635.9856,719462222
151,1B,1,2,I,32.29241009,34.50350159,189000,103500,3573889.809,641640.0553,2136970423
152,1C,1,3,I,32.29229041,34.48226886,189000,101500,3573848.702,639640.7964,2136970423
153,1D,1,4,i,32.1,31,1042830.24,615000,3553288.466,311439.4253,2005899409
154,1D,1,4,I,32.09789296,34.39639965,167500.0001,93250,3552189.278,631834.6531,2136970423
155,1E,1,5,I,32.11783225,34.34324065,169750,88250,3554335.955,626790.6801,2136970423
156,1F,1,6,I,32.13593794,34.35366932,171750.0001,89250,3556355.427,627749.3544,2136970423
157,1G,1,7,I,32.15144415,34.3137731,173500.0002,85500,3558027.798,623965.1043,2136970423
158,1H,1,8,I,32.2080198,34.34504354,179750.0002,88500,3564336.117,626835.8077,2136970423
159,1I,1,9,I,32.21245569,34.33439416,180250.0002,87500,3564815.362,625825.9725,2136970423
160,1J,1,10,I,32.47262919,34.48083256,209000,101500,3593840.045,639228.7321,2136970423
161,1K,1,11,I,32.43035181,34.58484171,204249.9999,111250,3589293.269,649073.2759,2136970423
162,1A,1,1,I,32.44850032,34.81602863,206159.9999,133000,3591651.546,670777.3213,1032182007
163,1A,1,1,i,32,30.2,1032021.038,539403.6647,3543880.095,235639.5786,1031843286
164,1N,1,14,i,32.64053087,34.70329568,227499.9999,122500,3612767.753,659838.5477,1032188321
165,1C,1,3,i,32.00489334,34.73006866,156999.9999,124700,3542335.479,663488.277,1032182007
166,1E,1,5,i,32,31,1031741.356,615000,3542201.072,311233.9628,2005899409
167,1F,1,6,i,32,29.7,1032479.958,492153.062,3545214.476,188381.942,2005899409
168,1G,1,7,i,32.5,29.7,1087932.328,492824.5564,3600678.206,190088.473,2005899409
169,2A,2,1,e,32.13333333,30.45,1046659.063,563103.2672,3558080.857,259614.5613,2005899409
170,2B,2,2,e,32.1,30.45,1042962.655,563084.4022,3554384.408,259527.0396,2005899409
171,2C,2,3,e,32.1,30.46666667,1042954.751,564657.6224,3554347.297,261100.2744,2005899409
172,2D,2,4,e,32.06666667,30.46666667,1039258.367,564639.3463,3550650.885,261013.407,2005899409
173,1A,1,1,I,32.13333333,30.45,1046659.063,563103.2672,3558080.857,259614.5613,1031837429
174,1B,1,2,I,32.1,30.45,1042962.655,563084.4022,3554384.408,259527.0396,1031837429
175,1C,1,3,I,32.1,30.46666667,1042954.751,564657.6224,3554347.297,261100.2744,1031837429
176,1D,1,4,I,32.06666667,30.46666667,1039258.367,564639.3463,3550650.885,261013.407,1031837429
177,1E,1,5,I,32.06666667,30.48333333,1039250.71,566213.1357,3550614.039,262587.2057,1031837429
178,1F,1,6,I,32.05,30.48333333,1037402.527,566204.2895,3548765.849,262544.0885,1031837429
179,1G,1,7,I,32.06666667,30.51666667,1039236.127,569360.7093,3550541.078,265734.7766,1031837429
180,1H,1,8,I,32.06666667,30.6,1039203.923,577229.6146,3550362.94,273603.5524,1031837429
181,1I,1,9,I,32.01666667,30.6,1033659.429,577209.0784,3544818.595,273480.2669,1031837429
182,1J,1,10,I,32.01666667,30.66666667,1033638.059,583507.5998,3544680.588,279778.5666,1031837429
183,1K,1,11,I,32.06666667,30.66666667,1039182.535,583524.7132,3550224.816,279898.4211,1031837429
184,1L,1,12,I,32.06666667,30.65,1039187.517,581950.9405,3550258.981,278324.7164,1031837429
185,1M,1,13,I,32.16666667,30.65,1050276.609,581986.9542,3561347.604,278566.648,1031837429
186,1N,1,14,I,32.16666667,30.58333333,1050299.007,575698.7105,3561486.938,272278.6226,1031837429
187,1O,1,15,I,32.15,30.58333333,1048450.807,575691.5565,3559638.785,272237.1063,1031837429
188,1P,1,16,I,32.15,30.48333333,1048491.697,566257.4291,3559855.048,262803.0933,1031837429
189,1Q,1,17,I,32.13333333,30.48333333,1046643.49,566248.5622,3558006.838,262759.8756,1031837429
190,1R,1,18,I,32.13333333,30.45,1046659.063,563103.2672,3558080.857,259614.5613,1031837429
191,1A,1,1,I,32.09789296,34.39639965,167500.0001,93250,3552189.278,631834.6531,1032242202
192,1B,1,2,I,32.06624772,34.38343969,164000.0001,92000,3548665.391,630656.6628,1032242202
193,1C,1,3,I,32.0658936,34.33048942,164000.0002,87000,3548563.273,625658.7089,1032242202
194,1D,1,4,I,31.99375671,34.33117431,156000.0002,87000,3540567.276,625821.9173,1032242202
195,1E,1,5,I,31.96640708,34.28911619,153000.0003,83000,3537487.308,621884.7211,1032242202
196,1F,1,6,I,31.88478058,34.22650462,144000.0004,77000.00001,3528370.06,616070.4018,1032242202
197,1G,1,7,I,31.77175667,34.1881064,131500.0001,73250,3515800.953,612575.6411,1032242202
198,1H,1,8,I,31.76285734,34.18039213,130520.0005,72510.00001,3514806.524,611855.8211,1032242202
199,1I,1,9,I,31.87970299,33.97415736,143680.0013,53120.00002,3527565.08,592208.2515,1032242202
200,1J,1,10,I,31.89620235,33.98324092,145500.0013,54000.00002,3529401.743,593050.832,1032242202
201,1K,1,11,I,31.94621637,34.02753308,151000.0011,58250.00002,3534984.57,597186.8671,1032242202
202,1L,1,12,I,31.88440576,34.17894363,144000.0006,72500.00001,3528278.624,611572.4261,1032242202
203,1M,1,13,I,31.99310575,34.24123034,156000.0004,78500.00001,3540394.031,617325.5602,1032242202
204,1N,1,14,I,31.99751309,34.22795562,156500.0004,77250.00001,3540868.28,616065.9239,1032242202
205,1O,1,15,I,32.15144415,34.3137731,173500.0003,85500,3558027.798,623965.1043,1032242202
206,1P,1,16,I,32.13593794,34.35366932,171750.0002,89250,3556355.427,627749.3544,1032242202
207,1Q,1,17,I,32.11783225,34.34324065,169750.0002,88250,3554335.955,626790.6801,1032242202
208,1R,1,18,I,32.09789296,34.39639965,167500.0001,93250,3552189.278,631834.6531,1032242202
209,1A,1,1,I,31.98167198,34.57465024,154499.9999,110000,3539536.675,648843.7964,1032240223
210,1B,1,2,I,31.74212572,34.4691584,128000,99850,3512841.273,639235.543,1032240223
211,1C,1,3,I,31.74256601,34.54989007,127999.9999,107500,3512996.114,646882.8228,1032240223
212,1D,1,4,I,31.76972668,34.57081222,130999.9999,109500,3516035.458,648821.4012,1032240223
213,1E,1,5,I,31.76993465,34.61409315,131000,113600,3516118.513,652920.0578,1032240223
214,1F,1,6,I,31.59434217,34.48981508,111600,101700,3496485.57,641416.0963,1032240223
215,1G,1,7,I,31.61754619,34.44747979,114200,97700,3499003.811,637365.1448,1032240223
216,1H,1,8,I,31.68826321,34.51335546,122000,104000,3506927.712,643505.3865,1032240223
217,1I,1,9,I,31.68714041,34.33036647,122000.0001,86650,3506577.093,626162.0292,1032240223
218,1J,1,10,I,31.70494341,34.29696864,124000.0001,83500,3508512.417,622972.9187,1032240223
219,1K,1,11,I,31.74128546,34.33566276,128000.0002,87200,3512585.247,626590.4762,1032240223
220,1L,1,12,I,31.74155256,34.37576396,128000.0001,91000,3512662.154,630388.9396,1032240223
221,1M,1,13,I,31.78664053,34.37536199,133000.0001,91000,3517659.78,630287.6887,1032240223
222,1N,1,14,I,31.78694104,34.42287358,133000,95500,3517750.972,634785.9253,1032240223
223,1O,1,15,I,31.80948517,34.42268379,135500,95500,3520249.841,634735.2497,1032240223
224,1P,1,16,I,31.8096446,34.44908565,135500,98000,3520300.537,637234.2978,1032240223
225,1Q,1,17,I,31.8682593,34.4486079,142000,98000,3526797.676,637102.388,1032240223
226,1R,1,18,I,31.94963239,34.48496269,151000,101500,3535864.956,640418.0787,1032240223
227,1S,1,19,I,31.94983676,34.52198146,151000,105000,3535936.211,643916.8144,1032240223
228,1T,1,20,I,31.9813984,34.52174792,154500,105000,3539434.788,643845.53,1032240223
229,1U,1,21,I,31.98167198,34.57465024,154500,110000,3539536.675,648843.7964,1032240223
230,NULL,1,1,I,32.0658936,34.33048942,164000.0001,87000,3548563.273,625658.7089,1521252020
231,NULL,1,2,I,32.06685961,34.48404627,164000,101500,3548859.424,640152.9992,1521252020
232,NULL,1,3,I,32.03078993,34.48432881,160000,101500,3544861.129,640234.6545,1521252020
233,NULL,1,4,I,32.03144778,34.61136274,160000,113500,3545105.997,652230.4834,1521252020
234,NULL,1,6,I,31.98071892,34.405364,154500,94000,3539210.65,632849.6514,1521252020
235,NULL,1,7,I,31.886036,34.40618274,144000,94000,3528715.507,633063.2956,1521252020
236,NULL,1,8,I,31.88502058,34.25821216,144000.0001,80000,3528431.018,619069.0843,1521252020
237,NULL,1,9,I,31.7494828,34.22265237,129000.0002,76500,3513368.155,615874.803,1521252020
238,NULL,1,10,I,31.74915049,34.1804375,129000.0002,72500,3513287.187,611876.5954,1521252020
239,NULL,1,11,I,31.88478058,34.22650462,144000.0002,77000,3528370.059,616070.4018,1521252020
240,NULL,1,12,I,31.96640708,34.28911619,153000.0001,83000,3537487.307,621884.7211,1521252020
241,NULL,1,11,I,32.09789296,34.39639965,167500,93250,3552189.278,631834.6531,1032188321
242,NULL,1,5,I,31.98185037,34.61168204,154500,113500,3539607.998,652342.6372,1521252020
243,NULL,1,13,I,31.99375671,34.33117431,156000.0001,87000,3540567.276,625821.9173,1521252020
244,NULL,1,14,I,32.0658936,34.33048942,164000.0001,87000,3548563.273,625658.7089,1521252020
245,NULL,1,1,I,21.07,72.58055556,2331612.975,248646.4983,2331885.14,248561.1298,1032418716
246,NULL,1,2,I,21.02972222,72.6,2327122.196,250600.3016,2327394.344,250514.9378,1032418716
247,NULL,1,3,I,21.07388889,72.68555556,2331881.428,259565.6247,2332153.589,259480.2951,1032418716
248,NULL,1,4,I,21.11444444,72.66388889,2336405.134,257379.8084,2336677.313,257294.4732,1032418716
249,NULL,1,5,I,21.07,72.58055556,2331612.975,248646.4983,2331885.14,248561.1298,1032418716
250,NULL,1,1,I,21.06666667,72.33333333,2331654.108,222943.4573,2331926.287,222857.9979,1032421849
251,NULL,1,2,I,21.085,72.4,2333569.935,229906.6228,2333842.118,229821.189,1032421849
252,NULL,1,3,I,21.085,72.46666667,2333458.195,236835.5068,2333730.373,236750.0974,1032421849
253,NULL,1,4,I,21.06333333,72.46666667,2331058.728,236797.3332,2331330.898,236711.9225,1032421849
254,NULL,1,5,I,21.02333333,72.33333333,2326854.808,222863.1862,2327126.97,222777.7238,1032421849
255,NULL,1,6,I,21.06666667,72.33333333,2331654.108,222943.4573,2331926.287,222857.9979,1032421849
256,NULL,1,1,I,21.26666667,72.63083333,2353312.407,254197.4217,2353584.646,254112.0835,1032423156
257,NULL,1,2,I,21.24833333,72.63083333,2351282.238,254166.9682,2351554.471,254081.629,1032423156
258,NULL,1,3,I,21.24833333,72.65916667,2351238.401,257108.156,2351510.632,257022.8271,1032423156
259,NULL,1,4,I,21.26666667,72.65916667,2353268.539,257138.2444,2353540.777,257052.9166,1032423156
260,NULL,1,5,I,21.26666667,72.63083333,2353312.407,254197.4217,2353584.646,254112.0835,1032423156
261,NULL,1,1,I,26.26388889,71.0625,946891.0124,2450183.255,2910681.515,106664.0927,1032426399
262,NULL,1,2,I,24.76388889,71.63611111,779793.3796,2504392.692,2742807.677,159787.1402,1032426399
263,NULL,1,3,I,24.50305556,71.4625,751265.4118,2486295.783,2714340.244,141473.8287,1032426399
264,NULL,1,4,I,24.50305556,71.83,750595.3639,2523498.892,2713434.537,178737.7863,1032426399
265,NULL,1,5,I,25.06277778,72.27416667,811853.0911,2569283.253,2774482.755,225001.664,1032426399
266,NULL,1,6,I,25.58166667,72.01388889,869629.2874,2543928.628,2832535.399,200019.5522,1032426399
267,NULL,1,7,I,25.51583333,71.88,862557.4753,2530378.231,2825549.614,186393.3286,1032426399
268,NULL,1,8,I,26.42361111,71.40277778,963842.1615,2484472.503,2927397.449,141171.4174,1032426399
269,NULL,1,9,I,26.26388889,71.0625,946891.0124,2450183.255,2910681.515,106664.0927,1032426399
270,NULL,1,1,I,31.875,30.61666667,1017944.571,578728.0991,3529075.031,274708.9075,1032507655
271,NULL,1,2,I,31.86666667,30.61666667,1017020.515,578724.8348,3528150.999,274688.6007,1032507655
272,NULL,1,3,I,31.86666667,30.6,1017026.207,577147.6425,3528185.776,273111.447,1032507655
273,NULL,1,4,I,31.85,30.6,1015178.095,577140.8323,3526337.705,273070.5631,1032507655
274,NULL,1,5,I,31.85,30.58333333,1015184.028,575563.3548,3526372.716,271493.1163,1032507655
275,NULL,1,6,I,31.83333333,30.58333333,1013335.919,575556.2642,3524524.638,271451.9673,1032507655
276,NULL,1,7,I,31.83333333,30.575,1013338.975,574767.3831,3524542.23,270663.0985,1032507655
277,NULL,1,8,I,31.80833333,30.575,1010566.82,574756.5408,3521770.114,270601.1981,1032507655
278,NULL,1,9,I,31.80833333,30.61666667,1010552.151,578702.0058,3521682.803,274546.5861,1032507655
279,NULL,1,10,I,31.825,30.61666667,1012400.249,578708.5245,3523530.854,274587.1379,1032507655
280,NULL,1,11,I,31.825,30.64166667,1012392.171,581075.3742,3523479.18,276953.9188,1032507655
281,NULL,1,12,I,31.83333333,30.64166667,1013316.22,581078.422,3524403.2,276973.9886,1032507655
282,NULL,1,13,I,31.83333333,30.65,1013313.648,581867.3004,3524386.094,277762.8403,1032507655
283,NULL,1,14,I,31.84166667,30.65,1014237.699,581870.278,3525310.112,277782.8438,1032507655
284,NULL,1,15,I,31.84166667,30.65833333,1014235.187,582659.0852,3525293.065,278571.6224,1032507655
285,NULL,1,16,I,31.85,30.65833333,1015159.238,582661.9927,3526217.082,278591.5595,1032507655
286,NULL,1,17,I,31.85,30.66666667,1015156.786,583450.7286,3526200.092,279380.2648,1032507655
287,NULL,1,18,I,31.85833333,30.66666667,1016080.838,583453.5658,3527124.107,279400.1355,1032507655
288,NULL,1,19,I,31.85833333,30.68333333,1016076.116,585030.8949,3527090.306,280977.3978,1032507655
289,NULL,1,20,I,31.88333333,30.68333333,1018848.277,585038.9847,3529862.343,281036.6112,1032507655
290,NULL,1,21,I,31.88333333,30.66666667,1018853.002,583462.0815,3529896.159,279459.7757,1032507655
291,NULL,1,22,I,31.875,30.66666667,1017928.946,583459.2422,3528972.141,279439.891,1032507655
292,NULL,1,23,I,31.875,30.61666667,1017944.571,578728.0991,3529075.031,274708.9075,1032507655
293,NULL,1,1,I,31.88333333,30.56666667,1018886.438,574000.6348,3530104.155,269998.5862,-403503044
294,NULL,1,2,I,31.86666667,30.56666667,1017038.318,573993.2536,3528256.06,269957.1139,-403503044
295,NULL,1,3,I,31.86666667,30.55,1017044.736,572416.0568,3528291.566,268379.9343,-403503044
296,NULL,1,4,I,31.76666667,30.55,1005956.107,572370.1418,3517203.017,268129.8045,-403503044
297,NULL,1,5,I,31.76666667,30.53333333,1005962.756,570791.2428,3517238.703,266550.9111,-403503044
298,NULL,1,6,I,31.73333333,30.53333333,1002266.581,570775.4008,3513542.531,266467.1243,-403503044
299,NULL,1,7,I,31.73333333,30.6,1002241.449,577093.2508,3513401.32,272784.9142,-403503044
300,NULL,1,8,I,31.80833333,30.6,1010557.837,577123.8209,3521717.545,272968.4374,-403503044
301,NULL,1,9,I,31.80833333,30.575,1010566.82,574756.5408,3521770.114,270601.1981,-403503044
302,NULL,1,10,I,31.83333333,30.575,1013338.975,574767.3831,3524542.23,270663.0985,-403503044
303,NULL,1,11,I,31.83333333,30.58333333,1013335.919,575556.2642,3524524.638,271451.9673,-403503044
304,NULL,1,12,I,31.85,30.58333333,1015184.028,575563.3548,3526372.716,271493.1163,-403503044
305,NULL,1,13,I,31.85,30.6,1015178.095,577140.8323,3526337.705,273070.5631,-403503044
306,NULL,1,14,I,31.86666667,30.6,1017026.207,577147.6425,3528185.776,273111.447,-403503044
307,NULL,1,15,I,31.86666667,30.61666667,1017020.515,578724.8348,3528150.999,274688.6007,-403503044
308,NULL,1,16,I,31.88333333,30.61666667,1018868.629,578731.3643,3529999.064,274729.2192,-403503044
309,NULL,1,17,I,31.88333333,30.56666667,1018886.438,574000.6348,3530104.155,269998.5862,-403503044
310,NULL,1,1,I,16.61194444,82.48555556,1837214.604,658464.1052,1837214.604,658464.1052,1037105339
311,NULL,1,2,I,16.54666667,82.53,1830027.058,663260.9781,1830027.058,663260.9781,1037105339
312,NULL,1,3,I,16.52833333,82.49944444,1827973.879,660014.9817,1827973.879,660014.9817,1037105339
313,NULL,1,4,I,15.5,82.5,1714192.367,660896.2381,1714192.367,660896.2381,1037105339
314,NULL,1,5,I,15.5,83,1714630.408,714544.7701,1714630.408,714544.7701,1037105339
315,NULL,1,6,I,16.93805556,82.99972222,1873785.492,712962.8492,1873785.492,712962.8492,1037105339
316,NULL,1,7,I,16.82194444,82.82527778,1860754.611,694498.5786,1860754.611,694498.5786,1037105339
317,NULL,1,8,I,16.72638889,82.595,1849968.505,670039.8373,1849968.505,670039.8373,1037105339
318,NULL,1,9,I,16.61194444,82.48555556,1837214.604,658464.1052,1837214.604,658464.1052,1037105339
319,NULL,1,1,I,23.45138889,68.23333333,2593698.322,421692.9028,2593698.322,421692.9028,1037277166
320,NULL,1,2,I,23,68.16666667,2543762.447,414596.6214,2543762.447,414596.6214,1037277166
321,NULL,1,3,I,22.90166667,68.11861111,2532904.939,409606.122,2532904.939,409606.122,1037277166
322,NULL,1,4,I,22.90166667,68.39583333,2532761.491,438038.5128,2532761.491,438038.5128,1037277166
323,NULL,1,5,I,23.45138889,68.39583333,2593619.297,438291.0829,2593619.297,438291.0829,1037277166
324,NULL,1,6,I,23.45138889,68.23333333,2593698.322,421692.9028,2593698.322,421692.9028,1037277166
325,NULL,1,1,I,20.71527778,87.05722222,2290638.227,505958.2432,2290638.227,505958.2432,-975739785
326,NULL,1,2,I,19.95694444,87.42388889,2206772.791,544353.3496,2206772.791,544353.3496,-975739785
327,NULL,1,3,I,19.97222222,87.51361111,2208489.691,553736.3807,2208489.691,553736.3807,-975739785
328,NULL,1,4,I,21,88.21666667,2322628.838,626453.8336,2322628.838,626453.8336,-975739785
329,NULL,1,5,I,21,87.82638889,2322369.618,585887.8446,2322369.618,585887.8446,-975739785
330,NULL,1,6,I,21.46805556,87.92333333,2374232.178,595661.6417,2374232.178,595661.6417,-975739785
331,NULL,1,7,I,21.60861111,87.48416667,2389584.698,550112.5014,2389584.698,550112.5014,-975739785
332,NULL,1,8,I,20.71527778,87.05722222,2290638.227,505958.2432,2290638.227,505958.2432,-975739785
333,NULL,1,1,I,17.935,71.29583333,1986905.069,107500.6987,1984495.123,743184.9184,1037355541
334,NULL,1,2,I,18.41666667,70.91666667,2041148.879,68459.81925,2037354.997,702451.9139,1037355541
335,NULL,1,3,I,19.11555556,70.33805556,2120161.916,9242.23366,2114151.745,640742.8221,1037355541
336,NULL,1,4,I,19.02777778,69.84138889,2111892.188,-43435.2494,2104112.978,588543.9079,1037355541
337,NULL,1,5,I,18.89388889,70.05777778,2096375.735,-21011.33427,2089419.591,611406.4119,1037355541
338,NULL,1,6,I,18.50472222,70.41666667,2052183.711,15780.15601,2046614.398,649551.853,1037355541
339,NULL,1,7,I,18.66666667,70.41666667,2070147.781,16239.163,2064536.794,649410.585,1037355541
340,NULL,1,8,I,18.66666667,70.58333333,2069703.934,33858.91506,2064684.144,666991.6948,1037355541
341,NULL,1,9,I,18.3,70.58333333,2029038.205,32863.11054,2024103.059,667347.3128,1037355541
342,NULL,1,10,I,18.04027778,70.75,1999818.771,49850.18083,1995518.001,685240.9179,1037355541
343,NULL,1,11,I,17.935,71.29583333,1986905.069,107500.6987,1984495.123,743184.9184,1037355541
344,NULL,1,2,I,17.935,71.29583333,1984495.123,743184.9184,1984495.123,743184.9184,1502652263
345,NULL,1,7,I,18.41666667,70.91666667,2037354.997,702451.9139,2037354.997,702451.9139,1502652263
346,NULL,1,1,I,27.66666667,68.91666667,3060280.998,491781.3803,3060280.998,491781.3803,1028535760
347,NULL,1,2,I,27.66666667,68.95805556,3060278.926,495863.2954,3060278.926,495863.2954,1028535760
348,NULL,1,3,I,27.5,68.95805556,3041817.516,495857.0374,3041817.516,495857.0374,1028535760
349,NULL,1,4,I,26.91666667,68.66666667,2977248.946,466903.8164,2977248.946,466903.8164,1028535760
350,NULL,1,5,I,26.91666667,69.296278,2977239.795,529416.9926,2977239.795,529416.9926,1028535760
351,NULL,1,6,I,26.75,69.25,2958770.343,524858.4592,2958770.343,524858.4592,1028535760
352,NULL,1,7,I,26.75,68.796444,2958762.116,479759.6588,2958762.116,479759.6588,1028535760
353,NULL,1,8,I,26.53333333,68.812056,2934763.04,481276.7258,2934763.04,481276.7258,1028535760
354,NULL,1,9,I,26.53333333,68.401389,2934888.49,440364.8473,2934888.49,440364.8473,1028535760
355,NULL,1,10,I,27.5,68.40138889,3041959.44,440872.995,3041959.44,440872.995,1028535760
356,NULL,1,11,I,27.5,68.91666667,3041819.58,491768.9472,3041819.58,491768.9472,1028535760
357,NULL,1,12,I,27.66666667,68.91666667,3060280.998,491781.3803,3060280.998,491781.3803,1028535760
358,NULL,1,1,I,23.41972222,68.39972222,2590111.818,438673.6911,2590111.818,438673.6911,1042460991
359,NULL,1,2,I,22.90777778,68.39444444,2533438.593,437898.8518,2533438.593,437898.8518,1042460991
360,NULL,1,3,I,22.90777778,68.75,2533332.622,474362.1892,2533332.622,474362.1892,1042460991
361,NULL,1,4,I,23.08333333,68.75,2552766.69,474395.3162,2552766.69,474395.3162,1042460991
362,NULL,1,1,I,15.00111111,80.38305556,1658541.32,433673.0896,1658541.32,433673.0896,1813496340
363,NULL,1,2,I,15,81.25,1658341.17,526876.9415,1658341.17,526876.9415,1813496340
364,NULL,1,3,I,14.5,81.25,1603039.69,526938.3767,1603039.69,526938.3767,1813496340
365,NULL,1,4,I,14.5,82,1603260.441,607758.0231,1603260.441,607758.0231,1813496340
366,NULL,1,5,I,15.48333333,82,1712035.861,607266.8797,1712035.861,607266.8797,1813496340
367,NULL,1,6,I,15.41277778,81.33888889,1704010.461,536362.4388,1704010.461,536362.4388,1813496340
368,NULL,1,7,I,15.135,80.82833333,1673264.895,481556.1571,1673264.895,481556.1571,1813496340
369,NULL,1,8,I,15.35694444,80.67888889,1697831.832,465535.9341,1697831.832,465535.9341,1813496340
370,NULL,1,9,I,15.32916667,80.66416667,1694761.746,463951.0537,1694761.746,463951.0537,1813496340
371,NULL,1,10,I,15.22027778,80.50833333,1682749.41,447196.0986,1682749.41,447196.0986,1813496340
372,NULL,1,11,I,15.00111111,80.38305556,1658541.32,433673.0896,1658541.32,433673.0896,1813496340
373,NULL,1,1,I,18.98194444,85.49972222,2099502.333,342064.576,2099502.333,342064.576,1042779155
374,NULL,1,2,I,18.5,85.5,2046162.872,341645.065,2046162.872,341645.065,1042779155
375,NULL,1,3,I,18.5,86.5,2045578.114,447219.3315,2045578.114,447219.3315,1042779155
376,NULL,1,4,I,19.6425,86.5,2171998.036,447579.8058,2171998.036,447579.8058,1042779155
377,NULL,1,5,I,19.45055556,86.30805556,2150827.695,427369.7911,2150827.695,427369.7911,1042779155
378,NULL,1,6,I,19.29138889,85.84333333,2133474.813,378467.9344,2133474.813,378467.9344,1042779155
379,NULL,1,7,I,18.98194444,85.49972222,2099502.333,342064.576,2099502.333,342064.576,1042779155
380,NULL,1,1,I,15.86083333,80.52555556,1753599.115,449202.9595,1753599.115,449202.9595,1519169880
381,NULL,1,2,I,15.35,80.56944444,1697084.108,453787.8357,1697084.108,453787.8357,1519169880
382,NULL,1,3,I,15.35,80.67361111,1697064.558,464968.3194,1697064.558,464968.3194,1519169880
383,NULL,1,4,I,15.38527778,80.67916667,1700965.725,465570.3993,1700965.725,465570.3993,1519169880
384,NULL,1,5,I,15.40361111,80.77666667,1702980.375,476035.575,1702980.375,476035.575,1519169880
385,NULL,1,6,I,15.55055556,80.82333333,1719229.196,481056.456,1719229.196,481056.456,1519169880
386,NULL,1,7,I,15.60083333,81.02333333,1724782.734,502501.366,1724782.734,502501.366,1519169880
387,NULL,1,8,I,15.64222222,81.02833333,1729360.849,503036.7635,1729360.849,503036.7635,1519169880
388,NULL,1,9,I,15.75694444,81.22777778,1742063.398,524399.6,1742063.398,524399.6,1519169880
389,NULL,1,10,I,15.97777778,81.15305556,1766483.302,516377.4798,1766483.302,516377.4798,1519169880
390,NULL,1,11,I,15.86083333,80.52555556,1753599.115,449202.9595,1753599.115,449202.9595,1519169880
391,NULL,1,3,I,17.85722222,71.35916667,1975968.228,750005.5353,1975968.228,750005.5353,1502652263
392,NULL,1,4,I,17.82666667,71.95777778,1973487.886,813536.5314,1973487.886,813536.5314,1502652263
393,NULL,1,5,I,18,72,1992757.473,817706.1136,1992757.473,817706.1136,1502652263
394,NULL,1,6,I,18.41666667,72,2038908.086,816950.3404,2038908.086,816950.3404,1502652263
395,NULL,1,1,I,18.41666667,70.91666667,2037354.997,702451.9139,2037354.997,702451.9139,1502652263
396,NULL,1,1,I,15.51194444,81.30361111,1714973.677,532561.6398,1714973.677,532561.6398,1078992168
397,NULL,1,2,I,15.70777778,81.24027778,1736626.434,525744.793,1736626.434,525744.793,1078992168
398,NULL,1,3,I,15.61361111,81.02777778,1726196.147,502977.6324,1726196.147,502977.6324,1078992168
399,NULL,1,4,I,15.60083333,81.02333333,1724782.734,502501.366,1724782.734,502501.366,1078992168
400,NULL,1,5,I,15.58527778,80.96111111,1723062.373,495830.7425,1723062.373,495830.7425,1078992168
401,NULL,1,6,I,15.52861111,80.83666667,1716800.781,482484.3071,1716800.781,482484.3071,1078992168
402,NULL,1,7,I,15.31472222,80.97166667,1693136.35,496958.4559,1693136.35,496958.4559,1078992168
403,NULL,1,8,I,15.51194444,81.30361111,1714973.677,532561.6398,1714973.677,532561.6398,1078992168
404,NULL,1,10,I,20.83333333,68.75,2303722.544,473989.0016,2303722.544,473989.0016,1090935434
405,NULL,1,2,I,20.83333333,69,2303702.362,500000,2303702.362,500000,1090935434
406,NULL,1,3,I,20.73333333,69.125,2292640.393,513014.0433,2292640.393,513014.0433,1090935434
407,NULL,1,4,I,20.65,69.14333333,2283419.557,514930.9244,2283419.557,514930.9244,1090935434
408,NULL,1,5,I,20.65,69.38333333,2283460.08,539931.7358,2283460.08,539931.7358,1090935434
409,NULL,1,6,I,20.27333333,69.46666667,2241797.61,548731.3723,2241797.61,548731.3723,1090935434
410,NULL,1,7,I,20.27333333,69.38333333,2241775.243,540029.2314,2241775.243,540029.2314,1090935434
411,NULL,1,8,I,20,69.4125,2211534.434,543149.9438,2211534.434,543149.9438,1090935434
412,NULL,1,9,I,20,68.75,2211500.821,473848.6291,2211500.821,473848.6291,1090935434
413,NULL,1,1,I,20.83333333,68.75,2303722.544,473989.0016,2303722.544,473989.0016,1090935434
414,NULL,1,7,I,21.75,66.41666667,2407388.932,232815.1902,2407388.932,232815.1902,1091115691
415,NULL,1,2,I,21.75,67,2406493.934,293167.7541,2406493.934,293167.7541,1091115691
416,NULL,1,3,I,22.19444444,67,2455709.272,293810.7968,2455709.272,293810.7968,1091115691
417,NULL,1,4,I,22.19444444,67.7875,2454849.127,375009.3486,2454849.127,375009.3486,1091115691
418,NULL,1,5,I,20.83333333,67.7875,2304177.172,373839.8759,2304177.172,373839.8759,1091115691
419,NULL,1,6,I,20.83333333,66.41666667,2305858.931,231151.8094,2305858.931,231151.8094,1091115691
420,NULL,1,1,I,21.75,66.41666667,2407388.932,232815.1902,2407388.932,232815.1902,1091115691
421,NULL,1,1,I,20.83333333,67.5,2304429.096,343920.9713,2304429.096,343920.9713,810504720
422,NULL,1,2,I,20.83333333,67.7875,2304177.172,373839.8759,2304177.172,373839.8759,810504720
423,NULL,1,3,I,21.16666667,67.7875,2341074.268,374119.739,2341074.268,374119.739,810504720
424,NULL,1,4,I,21.16666667,68.18333333,2340811.462,415217.2431,2340811.462,415217.2431,810504720
425,NULL,1,5,I,21.08333333,68.28333333,2331537.895,425557.655,2331537.895,425557.655,810504720
426,NULL,1,6,I,21.08333333,68.65833333,2331408.477,464510.5785,2331408.477,464510.5785,810504720
427,NULL,1,7,I,20.83333333,69,2303702.362,500000,2303702.362,500000,810504720
428,NULL,1,8,I,20.83333333,68.75,2303722.544,473989.0016,2303722.544,473989.0016,810504720
429,NULL,1,9,I,20,68.75,2211500.821,473848.6291,2211500.821,473848.6291,810504720
430,NULL,1,10,I,20,67.5,2212183.964,343078.3329,2212183.964,343078.3329,810504720
431,NULL,1,11,I,20.83333333,67.5,2304429.096,343920.9713,2304429.096,343920.9713,810504720
432,NULL,1,1,I,16,70.76666667,1769738.907,689044.0203,1769738.907,689044.0203,1091880671
433,NULL,1,2,I,17,70.76666667,1880402.978,688074.5932,1880402.978,688074.5932,1091880671
434,NULL,1,3,I,17,71.95416667,1881927.543,814567.4036,1881927.543,814567.4036,1091880671
435,NULL,1,4,I,16.725,72.05555556,1851635.651,825843.587,1851635.651,825843.587,1091880671
436,NULL,1,5,I,16.41666667,71.93333333,1817293.629,813299.0843,1817293.629,813299.0843,1091880671
437,NULL,1,6,I,16.33333333,72.28333333,1808636.844,850863.453,1808636.844,850863.453,1091880671
438,NULL,1,7,I,16,72.58333333,1772244.861,883600.0039,1772244.861,883600.0039,1091880671
439,NULL,1,8,I,16,70.76666667,1769738.907,689044.0203,1769738.907,689044.0203,1091880671
440,NULL,1,1,I,23.45138889,68.23333333,2593698.322,421692.9028,2593698.322,421692.9028,925494231
441,NULL,1,2,I,23,68.16666667,2543762.447,414596.6214,2543762.447,414596.6214,925494231
442,NULL,1,3,I,22.90166667,68.11861111,2532904.939,409606.122,2532904.939,409606.122,925494231
443,NULL,1,4,I,22.90166667,68.08333333,2532927.035,405987.8753,2532927.035,405987.8753,925494231
444,NULL,1,5,I,22.75,68.08333333,2516136.434,405883.6562,2516136.434,405883.6562,925494231
445,NULL,1,6,I,22.75,68.05,2516157.996,402461.0262,2516157.996,402461.0262,925494231
446,NULL,1,7,I,22.25,68.05,2460806.184,402109.7801,2460806.184,402109.7801,925494231
447,NULL,1,8,I,22.52833333,67.94027778,2491694.115,391019.9665,2491694.115,391019.9665,925494231
448,NULL,1,9,I,22.25,67.79722222,2460991.508,376060.508,2460991.508,376060.508,925494231
449,NULL,1,10,I,22.25,67.43166667,2461336.55,338386.0923,2461336.55,338386.0923,925494231
450,NULL,1,11,I,22.5,67.43166667,2489016.733,338674.5882,2489016.733,338674.5882,925494231
451,NULL,1,12,I,22.5,67.5,2488944.678,345704.8139,2488944.678,345704.8139,925494231
452,NULL,1,13,I,22.68555556,67.5,2509489.573,345911.4978,2509489.573,345911.4978,925494231
453,NULL,1,14,I,22.68555556,67.58333333,2509405.509,354473.2405,2509405.509,354473.2405,925494231
454,NULL,1,15,I,22.90166667,67.58333333,2533333.479,354702.4932,2533333.479,354702.4932,925494231
455,NULL,1,16,I,22.90166667,67.7,2533223.052,366669.6763,2533223.052,366669.6763,925494231
456,NULL,1,17,I,23.06666667,67.7,2551491.759,366831.5586,2551491.759,366831.5586,925494231
457,NULL,1,18,I,23.06666667,67.82361111,2551384.517,379495.2493,2551384.517,379495.2493,925494231
458,NULL,1,19,I,23.25,67.82361111,2571682.847,379659.1742,2571682.847,379659.1742,925494231
459,NULL,1,20,I,23.25,67.93055556,2571598.191,390600.174,2571598.191,390600.174,925494231
460,NULL,1,21,I,23.45138889,67.93055556,2593895.558,390765.1526,2593895.558,390765.1526,925494231
461,NULL,1,22,I,23.45138889,68.23333333,2593698.322,421692.9028,2593698.322,421692.9028,925494231
462,NULL,1,1,I,22.75,68.05,2516157.996,402461.0262,2516157.996,402461.0262,1593941708
463,NULL,1,2,I,22.75,68.55,2515915.434,453798.4871,2515915.434,453798.4871,1593941708
464,NULL,1,3,I,22.25,68.55,2460567.823,453632.132,2460567.823,453632.132,1593941708
465,NULL,1,4,I,22.25,68.05,2460806.184,402109.7801,2460806.184,402109.7801,1593941708
466,NULL,1,5,I,22.75,68.05,2516157.996,402461.0262,2516157.996,402461.0262,1593941708
467,NULL,1,3,I,24.13333333,91,2670217.835,296788.7083,2670518.383,296529.1621,1095325384
468,NULL,1,4,I,24.13333333,90.33333333,2671346.831,229022.9214,2671647.406,228763.643,1095325384
469,NULL,1,5,I,23.66666667,90.33333333,2619647.903,228047.3671,2619948.682,227788.0643,1095325384
470,NULL,1,6,I,23.66666667,90.58333333,2619193.408,253553.7789,2619494.175,253294.3776,1095325384
471,NULL,1,7,I,23.16666667,90.58333333,2563811.757,252624.8893,2564112.736,252365.4623,1095325384
472,NULL,1,8,I,23.16935836,91.32611017,2563041.3,328678.9,2563342.247,328419.1907,1095325384
473,NULL,1,1,I,23.91929955,91.23862346,2646190.3,320742.9,2646490.933,320483.2513,1095325384
474,NULL,1,2,I,23.91666667,91,2646222.112,296447.548,2646522.755,296187.9934,1095325384
475,NULL,2,1,E,23.89861111,90.401,2645214.809,235421.783,2645515.484,235162.4656,1095325384
476,NULL,2,2,E,23.95944444,90.45180555,2651859.503,240717.7635,2652160.149,240458.4288,1095325384
477,NULL,2,3,E,23.83027778,90.60944444,2637271.023,256522.2796,2637571.718,256262.8759,1095325384
478,NULL,2,4,E,23.78513889,90.56722222,2632344.251,252134.4644,2632644.968,251875.0753,1095325384
479,NULL,2,5,E,23.83333333,90.47438889,2637848.179,242767.043,2638148.88,242507.693,1095325384
480,NULL,2,6,E,23.89861111,90.401,2645214.809,235421.783,2645515.484,235162.4656,1095325384
481,NULL,1,1,I,27.78555556,70.12456944,3073695.112,610777.0423,3073967.364,610774.1783,1101963559
482,NULL,1,2,I,27.78555556,70.07333333,3073649.976,605729.6244,3073922.228,605726.75,1101963559
483,NULL,1,3,I,27.87777778,70.07361111,3083865.926,605667.6079,3084138.199,605664.7331,1101963559
484,NULL,1,4,I,27.87777778,70.19555556,3083977.08,617670.6354,3084249.354,617667.7853,1101963559
485,NULL,1,5,I,27.87472778,70.19708333,3083640.681,617824.3179,3083912.954,617821.4681,1101963559
486,NULL,1,1,I,28.325,69.36930556,3133007.592,536196.6927,3133266.552,536183.7057,918759341
487,NULL,1,2,I,28.24881944,69.41128333,3124582.292,540339.7977,3124841.194,540326.8391,918759341
488,NULL,1,3,I,28.21972222,69.37888889,3121348.825,537172.5181,3121607.705,537159.5379,918759341
489,NULL,1,4,I,28.32333333,69.34527778,3132816.005,533842.1731,3133074.964,533829.1699,918759341
490,NULL,1,5,I,28.325,69.36930556,3133007.592,536196.6927,3133266.552,536183.7057,918759341
491,NULL,1,1,I,27.66666667,70.075,3060493.899,606009.1965,3060752.36,605996.6896,1101969426
492,NULL,1,2,I,27.66666667,69.85,3060320.805,583820.1692,3060579.264,583807.51,1101969426
493,NULL,1,3,I,27.68333333,69.85,3062166.915,583807.4479,3062425.388,583794.7886,1101969426
494,NULL,1,4,I,27.87638889,69.91668333,3083598.663,590223.0588,3083857.283,590210.4429,1101969426
495,NULL,1,5,I,28,69.91668333,3097291.296,590120.4113,3097550.011,590107.7945,1101969426
496,NULL,1,6,I,28,70.35833333,3097696.079,633543.4729,3097954.798,633531.1535,1101969426
497,NULL,1,1,I,26.53333333,68.38333333,2934662.383,438574.4513,2934919.97,438560.7905,1101969887
498,NULL,1,2,I,26.53333333,68.81205556,2934528.429,481279.2406,2934786.014,481265.8757,1101969887
499,NULL,1,3,I,26.34245833,68.82577778,2913388.875,482617.4689,2913646.313,482604.113,1101969887
500,NULL,1,4,I,26.32665278,68.701,2911661.386,470164.0112,2911918.812,470150.5689,1101969887
501,NULL,1,5,I,26,68.67694444,2875494.541,467673.6595,2875751.714,467660.1991,1101969887
502,NULL,1,6,I,25.88333333,68.66475,2862578.653,466420.3537,2862835.735,466406.8842,1101969887
503,NULL,1,7,I,25.88333333,68.51,2862627.384,450919.9308,2862884.467,450906.3533,1101969887
504,NULL,1,8,I,25.95,68.51,2870009.712,450947.5253,2870266.847,450933.9482,1101969887
505,NULL,1,9,I,25.95,68.38333333,2870063.301,438267.0207,2870320.437,438253.3553,1101969887
506,NULL,1,10,I,26.53333333,68.38333333,2934662.383,438574.4513,2934919.97,438560.7905,1101969887
507,NULL,1,1,I,27.88333333,70.0175,3084446.241,600139.9476,3084704.867,600127.3997,1102307021
508,NULL,1,2,I,27.88333333,70.05,3084473.235,603338.7206,3084731.861,603326.1947,1102307021
509,NULL,1,3,I,27.86666667,70.05,3082627.012,603354.5412,3082885.625,603342.0154,1102307021
510,NULL,1,4,I,27.86666667,70.05833333,3082634.067,604174.868,3082892.681,604162.3479,1102307021
511,NULL,1,5,I,27.85,70.05833333,3080787.846,604190.8054,3081046.447,604178.2854,1102307021
512,NULL,1,6,I,27.85,70.05416667,3080784.312,603780.5791,3081042.913,603768.0563,1102307021
513,NULL,1,7,I,27.83333333,70.05416667,3078938.096,603796.4449,3079196.685,603783.9223,1102307021
514,NULL,1,8,I,27.83333333,70.05,3078934.578,603386.1561,3079193.167,603373.6307,1102307021
515,NULL,1,9,I,27.81666667,70.05,3077088.368,603401.9505,3077346.944,603389.4252,1102307021
516,NULL,1,10,I,27.81666667,70.025,3077067.561,600939.8482,3077326.137,600927.306,1102307021
517,NULL,1,11,I,27.83333333,70.025,3078913.763,600924.43,3079172.351,600911.8877,1102307021
518,NULL,1,12,I,27.83333333,70.0175,3078907.617,600185.9143,3079166.205,600173.3669,1102307021
519,NULL,1,13,I,27.88333333,70.0175,3084446.241,600139.9476,3084704.867,600127.3997,1102307021
520,NULL,1,1,I,31.3875,47.71861111,3475743.827,758524.3934,3475743.827,758524.3934,2136970650
521,NULL,1,2,I,31.38333333,47.89888889,3475719.979,775686.4974,3475719.979,775686.4974,2136970650
522,NULL,1,3,I,30.99472222,47.88722222,3432596.091,775702.1114,3432596.091,775702.1114,2136970650
523,NULL,1,4,I,30.99861111,47.70722222,3432594.674,758497.0807,3432594.674,758497.0807,2136970650
524,NULL,1,5,I,31.3875,47.71861111,3475743.827,758524.3934,3475743.827,758524.3934,2136970650
525,NULL,1,1,I,22.41666667,72.54805556,2481007.649,247599.22,2481007.649,247599.22,2136970651
526,NULL,1,2,I,22.2975,72.54805556,2467808.346,247384.2276,2467808.346,247384.2276,2136970651
527,NULL,1,3,I,22.2975,72.595,2467730.487,252222.8162,2467730.487,252222.8162,2136970651
528,NULL,1,4,I,22.31555556,72.595,2469730.321,252254.6969,2469730.321,252254.6969,2136970651
529,NULL,1,5,I,22.31555556,72.68055556,2469592.217,261071.5112,2469592.217,261071.5112,2136970651
530,NULL,1,6,I,22.41666667,72.68055556,2480790.864,261244.1145,2480790.864,261244.1145,2136970651
531,NULL,1,7,I,22.41666667,72.54805556,2481007.649,247599.22,2481007.649,247599.22,2136970651
532,NULL,1,1,I,17.84088361,55.66936917,1973083.354,358999.7717,1973083.354,358999.7717,2136970653
533,NULL,1,2,I,17.91722889,55.66937,1981531.655,359060.1068,1981531.655,359060.1068,2136970653
534,NULL,1,3,I,17.91723056,55.50269528,1981665.923,341402.8783,1981665.923,341402.8783,2136970653
535,NULL,1,4,I,18.50052556,56.12820778,2045785.362,407970.812,2045785.362,407970.812,2136970653
536,NULL,1,5,I,18.50051917,56.68392667,2045591.681,466635.1813,2045591.681,466635.1813,2136970653
537,NULL,1,1,I,21.26666667,72.63083333,2353505.083,254163.331,2353505.083,254163.331,2136970657
538,NULL,1,2,I,21.24833333,72.63083333,2351474.733,254132.8748,2351474.733,254132.8748,2136970657
539,NULL,1,3,I,21.24833333,72.65916667,2351430.89,257074.4706,2351430.89,257074.4706,2136970657
540,NULL,1,4,I,21.26666667,72.65916667,2353461.209,257104.5617,2353461.209,257104.5617,2136970657
541,NULL,1,5,I,21.26666667,72.63083333,2353505.083,254163.331,2353505.083,254163.331,2136970657
542,NULL,1,1,E,23.48666667,72.40944444,2599565.251,235452.1677,2599838.312,235366.8752,2136970661
543,NULL,2,1,E,23.46,72.40944444,2596611.276,235398.931,2596884.328,235313.6372,2136970661
544,NULL,3,1,E,23.46,72.43833333,2596558.399,238351.0213,2596831.449,238265.7365,2136970661
545,NULL,4,1,E,23.48666667,72.43833333,2599512.328,238403.6628,2599785.387,238318.3793,2136970661
546,NULL,5,1,E,23.48666667,72.40944444,2599565.251,235452.1677,2599838.312,235366.8752,2136970661
547,NULL,1,1,E,22.56,72.52833333,2496711.835,245865.6289,2496984.564,245780.3279,2136970662
548,NULL,1,2,E,22.53,72.52833333,2493389.136,245810.6377,2493661.855,245725.335,2136970662
549,NULL,1,3,E,22.53,72.54666667,2493358.054,247696.8838,2493630.772,247611.5873,2136970662
550,NULL,1,4,E,22.56,72.54666667,2496680.72,247751.4662,2496953.449,247666.1712,2136970662
551,NULL,1,5,E,22.56,72.52833333,2496711.835,245865.6289,2496984.564,245780.3279,2136970662
552,NULL,1,1,E,22.355,72.76,2473633.512,269355.2221,2473906.156,269269.9883,2136970663
553,NULL,1,2,E,22.32833333,72.76,2470680.413,269311.3125,2470953.048,269226.0774,2136970663
554,NULL,1,3,E,22.32833333,72.80333333,2470614.714,273775.6218,2470887.346,273690.4014,2136970663
555,NULL,1,4,E,22.355,72.80333333,2473567.75,273818.6802,2473840.393,273733.461,2136970663
556,NULL,1,5,E,22.355,72.76,2473633.512,269355.2221,2473906.156,269269.9883,2136970663
557,NULL,1,1,E,23.67222222,72.315,2620298.452,226188.3492,2620571.58,226103.0363,2136970664
558,NULL,1,2,E,23.63583333,72.31472222,2616267.758,226084.1497,2616540.874,225998.835,2136970664
559,NULL,1,3,E,23.63583333,72.33166667,2616235.343,227813.4502,2616508.458,227728.1407,2136970664
560,NULL,1,4,E,23.67222222,72.33166667,2620266.533,227888.8281,2620539.66,227803.5203,2136970664
561,NULL,1,5,E,23.67222222,72.315,2620298.452,226188.3492,2620571.58,226103.0363,2136970664
562,1.1,1,1,I,17.21027777,82.505,1903439.236,660032.6343,1903439.236,660032.6343,2136970660
563,1.2,1,2,I,16.81055555,82.78777777,1859457.739,690512.9226,1859457.739,690512.9226,2136970660
564,1.3,1,3,I,16.80732778,82.79003888,1859102.704,690757.1698,1859102.704,690757.1698,2136970660
565,1.4,1,4,I,16.72638888,82.595,1849968.504,670039.8373,1849968.504,670039.8373,2136970660
566,1.5,1,5,I,16.61194444,82.48555555,1837214.604,658464.1046,1837214.604,658464.1046,2136970660
567,1.6,1,6,I,16.66166666,82.45166666,1842689.916,654808.6016,1842689.916,654808.6016,2136970660
568,1.7,1,7,I,16.64166667,82.41666667,1840450.125,651091.1683,1840450.125,651091.1683,2136970660
569,1.8,1,8,I,16.82444445,82.41666666,1860674.581,650947.1637,1860674.581,650947.1637,2136970660
570,1.9,1,9,I,16.82444444,82.36361111,1860634.867,645293.133,1860634.867,645293.133,2136970660
571,1.1,1,10,I,16.82455063,82.35819508,1860642.648,644715.8821,1860642.648,644715.8821,2136970660
572,1.11,1,11,I,16.82324211,82.35426951,1860494.995,644298.5374,1860494.995,644298.5374,2136970660
573,1.12,1,12,I,16.82422405,82.35381126,1860603.311,644248.9596,1860603.311,644248.9596,2136970660
574,1.13,1,13,I,16.8294753,82.35515331,1861185.336,644387.9987,1861185.336,644387.9987,2136970660
575,1.14,1,14,I,16.8394278,82.35886051,1862289.282,644775.4878,1862289.282,644775.4878,2136970660
637,1.76,1,76,I,17.21027777,82.505,1903439.236,660032.6343,1903439.236,660032.6343,2136970660
638,1.14,1,14,I,16.8394278,82.35886051,1862289.282,644775.4878,1862289.282,644775.4878,2136970660
639,1.15,1,15,I,16.84751419,82.36009624,1863184.942,644901.0099,1863184.942,644901.0099,2136970660
640,1.16,1,16,I,16.84844724,82.35824263,1863286.825,644702.7907,1863286.825,644702.7907,2136970660
641,1.17,1,17,I,16.84720317,82.35453544,1863146.459,644308.7203,1863146.459,644308.7203,2136970660
642,1.18,1,18,I,16.84844724,82.34557637,1863277.593,643353.1594,1863277.593,643353.1594,2136970660
643,1.19,1,19,I,16.85124637,82.33785304,1863581.726,642528.1196,1863581.726,642528.1196,2136970660
644,1.2,1,20,I,16.85031333,82.33198331,1863474.262,641903.3895,1863474.262,641903.3895,2136970660
645,1.21,1,21,I,16.8496913,82.32704038,1863401.892,641377.1755,1863401.892,641377.1755,2136970660
646,1.22,1,22,I,16.84844724,82.32364211,1863261.811,641016.0063,1863261.811,641016.0063,2136970660
647,1.23,1,23,I,16.84533708,82.32178851,1862916.357,640820.8024,1862916.357,640820.8024,2136970660
648,1.24,1,24,I,16.84129389,82.32024384,1862467.886,640659.1994,1862467.886,640659.1994,2136970660
649,1.25,1,25,I,16.83787272,82.31746344,1862087.365,640365.4529,1862087.365,640365.4529,2136970660
650,1.26,1,26,I,16.84533709,82.31684557,1862912.843,640294.1133,1862912.843,640294.1133,2136970660
651,1.27,1,27,I,16.85093536,82.31313838,1863529.65,639894.9832,1863529.65,639894.9832,2136970660
652,1.28,1,28,I,16.85715567,82.30819544,1864214.42,639363.7541,1864214.42,639363.7541,2136970660
653,1.29,1,29,I,16.86244293,82.30170784,1864794.875,638668.6663,1864794.875,638668.6663,2136970660
654,1.3,1,30,I,16.86555308,82.29367558,1865133.381,637810.627,1865133.381,637810.627,2136970660
655,1.31,1,31,I,16.86835222,82.28811478,1865439.224,637216.1505,1865439.224,637216.1505,2136970660
656,1.32,1,32,I,16.87177339,82.28533438,1865815.835,636917.4625,1865815.835,636917.4625,2136970660
657,1.33,1,33,I,16.87177339,82.28224504,1865813.694,636588.3312,1865813.694,636588.3312,2136970660
658,1.34,1,34,I,16.86959628,82.27668424,1865568.964,635997.4549,1865568.964,635997.4549,2136970660
659,1.35,1,35,I,16.86959628,82.27483064,1865567.688,635799.9748,1865567.688,635799.9748,2136970660
660,1.36,1,36,I,16.87643862,82.27081451,1866322.009,635367.2273,1866322.009,635367.2273,2136970660
661,1.37,1,37,I,16.88048181,82.26710731,1866766.834,634969.4092,1866766.834,634969.4092,2136970660
662,1.38,1,38,I,16.8820369,82.26340011,1866936.366,634573.3711,1866936.366,634573.3711,2136970660
663,1.39,1,39,I,16.89105633,82.26031078,1867932.226,634237.8834,1867932.226,634237.8834,2136970660
664,1.4,1,40,I,16.89603259,82.25783931,1868481.148,633971.0942,1868481.148,633971.0942,2136970660
665,1.41,1,41,I,16.89914273,82.25660358,1868824.434,633837.2662,1868824.434,633837.2662,2136970660
666,1.42,1,42,I,16.90100883,82.25104278,1869027.142,633243.6115,1869027.142,633243.6115,2136970660
667,1.43,1,43,I,16.90411899,82.25474998,1869373.78,633636.312,1869373.78,633636.312,2136970660
668,1.44,1,44,I,16.91344944,82.25351424,1870405.32,633498.1125,1870405.32,633498.1125,2136970660
669,1.45,1,45,I,16.9206028,82.25289638,1871196.393,633427.2651,1871196.393,633427.2651,2136970660
670,1.46,1,46,I,16.92946673,82.25351424,1872177.574,633486.8253,1872177.574,633486.8253,2136970660
671,1.47,1,47,I,16.93164384,82.25536784,1872419.722,633682.7044,1872419.722,633682.7044,2136970660
672,1.48,1,48,I,16.93164384,82.26061971,1872423.299,634242.0454,1872423.299,634242.0454,2136970660
673,1.49,1,49,I,16.9328879,82.26803411,1872566.026,635030.817,1872566.026,635030.817,2136970660
674,1.5,1,50,I,16.93475399,82.27297704,1872775.904,635555.9172,1872775.904,635555.9172,2136970660
675,1.51,1,51,I,16.93755313,82.27575744,1873087.54,635850.0262,1873087.54,635850.0262,2136970660
676,1.52,1,52,I,16.94066328,82.27668424,1873432.31,635946.4963,1873432.31,635946.4963,2136970660
677,1.53,1,53,I,16.94408445,82.27328598,1873808.506,635582.1342,1873808.506,635582.1342,2136970660
678,1.54,1,54,I,16.94968273,82.27297704,1874427.727,635545.2209,1874427.727,635545.2209,2136970660
679,1.55,1,55,I,16.96367842,82.27853784,1875980.16,636127.3308,1875980.16,636127.3308,2136970660
680,1.56,1,56,I,16.96398943,82.28595224,1876019.729,636916.6352,1876019.729,636916.6352,2136970660
681,1.57,1,57,I,16.96865466,82.28718798,1876536.789,637044.8395,1876536.789,637044.8395,2136970660
682,1.58,1,58,I,16.96927669,82.28008251,1876600.668,636287.7772,1876600.668,636287.7772,2136970660
683,1.59,1,59,I,16.97300888,82.28008251,1877013.626,636285.0838,1877013.626,636285.0838,2136970660
684,1.6,1,60,I,16.97643005,82.28224504,1877393.675,636512.8777,1877393.675,636512.8777,2136970660
685,1.61,1,61,I,16.97705207,82.28502544,1877464.437,636808.4807,1877464.437,636808.4807,2136970660
686,1.62,1,62,I,16.98233934,82.28286291,1878047.955,636574.3918,1878047.955,636574.3918,2136970660
687,1.63,1,63,I,16.9857605,82.28286291,1878426.5,636571.9156,1878426.5,636571.9156,2136970660
688,1.64,1,64,I,16.9898037,82.28409864,1878874.733,636700.5583,1878874.733,636700.5583,2136970660
689,1.65,1,65,I,16.99353589,82.28657011,1879289.418,636960.9888,1879289.418,636960.9888,2136970660
690,1.66,1,66,I,17.01095275,82.29274878,1881220.896,637606.1114,1881220.896,637606.1114,2136970660
691,1.67,1,67,I,17.02868062,82.30417931,1883190.539,638809.9327,1883190.539,638809.9327,2136970660
692,1.68,1,68,I,17.05029618,82.32055278,1885593.993,640536.7375,1885593.993,640536.7375,2136970660
693,1.69,1,69,I,17.06989015,82.33939771,1887775.736,642527.6956,1887775.736,642527.6956,2136970660
694,1.7,1,70,I,17.09850356,82.36967317,1890964.239,645727.6275,1890964.239,645727.6275,2136970660
695,1.71,1,71,I,17.13769149,82.40859877,1895330.077,649838.4523,1895330.077,649838.4523,2136970660
696,1.72,1,72,I,17.1705036,82.44381717,1898988.42,653558.4386,1898988.42,653558.4386,2136970660
697,1.73,1,73,I,17.20347122,82.4830517,1902668.022,657704.1168,1902668.022,657704.1168,2136970660
698,1.74,1,74,I,17.21591184,82.5006609,1904059.113,659566.3194,1904059.113,659566.3194,2136970660
699,1.75,1,75,I,17.2181,82.49945222,1904300.256,659435.8992,1904300.256,659435.8992,2136970660
700,NULL,1,1,E,32.5,32.9,1088778.741,793571.5235,3595881.523,490769.0019,2136970666
701,NULL,1,2,E,32.15,32.9,1049956.748,794260.17,3557084.331,490732.7938,2136970666
702,NULL,1,3,E,32.15,32.85,1049874.557,789542.071,3557089.805,486017.6919,2136970666
703,NULL,1,4,E,32.2,32.85,1055420.369,789446.6834,3562632.134,486025.4185,2136970666
704,NULL,1,5,E,32.2,32.8,1055340.305,784731.2234,3562639.804,481312.8874,2136970666
705,NULL,1,6,E,32.25,32.8,1060886.09,784638.2873,3568182.183,481323.204,2136970666
706,NULL,1,7,E,32.25,32.7,1060732.42,775212.703,3568204.116,471903.2799,2136970666
707,NULL,1,9,E,32.1,32.7,1044095.571,775475.6398,3551577.055,471856.9197,2136970666
708,NULL,1,10,E,32.1,32.45,1043750.718,751873.8808,3551670.037,448268.2825,2136970666
709,NULL,1,11,E,32.15,32.45,1049296.003,751799.2384,3557212.426,448296.5752,2136970666
710,NULL,1,12,E,32.15,32.4,1049233.553,747081.6057,3557237.608,443581.3744,2136970666
711,NULL,1,13,E,32.2,32.4,1054778.827,747009.4383,3562780.061,443612.2826,2136970666
712,NULL,1,14,E,32.2,32.25,1054604.487,732864.5341,3562868.821,429474.2894,2136970666
713,NULL,1,15,E,32.1,32.25,1043514.274,732993.3059,3551783.809,429397.0701,2136970666
714,NULL,1,16,E,32.1,31.95,1043225.316,704673.5944,3552020.119,401089.5108,2136970666
715,NULL,1,17,E,32.3,31.95,1065404.938,704477.61,3574191.11,401306.0462,2136970666
716,NULL,1,18,E,32.3,31.8,1065289.634,690349.1322,3574339.311,387182.7888,2136970666
717,NULL,1,19,E,32.2,31.8,1054199.93,690431.7633,3563253.483,387058.8748,2136970666
718,NULL,1,20,E,32.2,31.7,1054134.155,681002.574,3563363.084,377632.8546,2136970666
719,NULL,1,21,E,32.5,31.7,1087403.457,680785.07,3596621.616,378036.7112,2136970666
720,NULL,1,22,E,32.5,32.9,1088778.741,793571.5235,3595881.523,490769.0019,2136970666
721,NULL,1,1,I,13.33333333,93.03333333,1473998.518,503609.8272,1473998.518,503609.8272,2136970669
722,NULL,1,2,I,13.33333333,93.16666667,1474004.33,518049.1582,1474004.33,518049.1582,2136970669
723,NULL,1,3,I,12.98333333,93.16666667,1435298.526,518074.7887,1435298.526,518074.7887,2136970669
724,NULL,1,4,I,12.98333333,93.15,1435297.404,516267.3059,1435297.404,516267.3059,2136970669
725,NULL,1,5,I,12.95,93.15,1431611.194,516269.4713,1431611.194,516269.4713,2136970669
726,NULL,1,6,I,12.95,93.13333333,1431610.192,514461.7491,1431610.192,514461.7491,2136970669
727,NULL,1,7,I,12.93333333,93.13333333,1429767.092,514462.7097,1429767.092,514462.7097,2136970669
728,NULL,1,8,I,12.93333333,93.11666667,1429766.209,512654.8686,1429766.209,512654.8686,2136970669
729,NULL,1,9,I,12.88333333,93.11666667,1424236.926,512657.3837,1424236.926,512657.3837,2136970669
730,NULL,1,10,I,12.88333333,93.1,1424236.164,510849.1842,1424236.164,510849.1842,2136970669
731,NULL,1,11,I,12.83333333,93.1,1418706.904,510851.3318,1418706.904,510851.3318,2136970669
732,NULL,1,12,I,12.83333333,93.11666667,1418707.664,512659.8892,1418707.664,512659.8892,2136970669
733,NULL,1,13,I,12.78333333,93.11666667,1413178.422,512662.3852,1413178.422,512662.3852,2136970669
734,NULL,1,14,I,12.78333333,93.13333333,1413179.296,514471.3002,1413179.296,514471.3002,2136970669
735,NULL,1,15,I,12.73333333,93.13333333,1407650.072,514474.1417,1407650.072,514474.1417,2136970669
736,NULL,1,16,I,12.73333333,93.15,1407651.058,516283.413,1407651.058,516283.413,2136970669
737,NULL,1,17,I,12.71666667,93.15,1405807.987,516284.4758,1405807.987,516284.4758,2136970669
738,NULL,1,18,I,12.71666667,93.16666667,1405809.088,518093.8664,1405809.088,518093.8664,2136970669
739,NULL,1,19,I,11.81666667,93.16666667,1306286.534,518155.3736,1306286.534,518155.3736,2136970669
740,NULL,1,20,I,11.81666667,93.15,1306285.507,516339.8322,1306285.507,516339.8322,2136970669
741,NULL,1,21,I,11.8,93.15,1304442.559,516340.8196,1304442.559,516340.8196,2136970669
742,NULL,1,22,I,11.8,93.13333333,1304441.641,514525.1697,1304441.641,514525.1697,2136970669
743,NULL,1,23,I,11.78333333,93.13333333,1302598.696,514526.0461,1302598.696,514526.0461,2136970669
744,NULL,1,24,I,11.78333333,93.11666667,1302597.887,512710.2879,1302597.887,512710.2879,2136970669
745,NULL,1,25,I,11.75,93.11666667,1298912.006,512711.8184,1298912.006,512711.8184,2136970669
746,NULL,1,26,I,11.75,93.1,1298911.307,510895.8425,1298911.307,510895.8425,2136970669
747,NULL,1,27,I,11.7,93.1,1293382.504,510897.8034,1293382.504,510897.8034,2136970669
748,NULL,1,28,I,11.7,93.08333333,1293381.915,509081.5016,1293381.915,509081.5016,2136970669
749,NULL,1,29,I,11.66666667,93.08333333,1289696.059,509082.5872,1289696.059,509082.5872,2136970669
750,NULL,1,30,I,11.66666667,92.83333333,1289700.066,481834.8079,1289700.066,481834.8079,2136970669
751,NULL,1,31,I,12.13333333,92.83333333,1341302.989,481865.7606,1341302.989,481865.7606,2136970669
752,NULL,1,32,I,12.13333333,92.85,1341301.935,483679.1885,1341301.935,483679.1885,2136970669
753,NULL,1,33,I,12.15,92.85,1343144.927,483680.2034,1343144.927,483680.2034,2136970669
754,NULL,1,34,I,12.15,92.83333333,1343145.982,481866.8882,1343145.982,481866.8882,2136970669
755,NULL,1,35,I,12.16666667,92.83333333,1344988.977,481868.0173,1344988.977,481868.0173,2136970669
756,NULL,1,36,I,12.16666667,93,1344983.419,500000,1344983.419,500000,2136970669
757,NULL,1,37,I,12.03333333,93,1330239.575,500000,1330239.575,500000,2136970669
758,NULL,1,38,I,12.03333333,93.11666667,1330242.27,512698.6726,1330242.27,512698.6726,2136970669
759,NULL,1,39,I,12.11666667,93.11666667,1339457.174,512694.7475,1339457.174,512694.7475,2136970669
760,NULL,1,40,I,12.11666667,93.13333333,1339458.005,514508.2856,1339458.005,514508.2856,2136970669
761,NULL,1,41,I,12.15,93.13333333,1343143.984,514506.4827,1343143.984,514506.4827,2136970669
762,NULL,1,42,I,12.15,93.11666667,1343143.151,512693.1699,1343143.151,512693.1699,2136970669
763,NULL,1,43,I,12.28333333,93.11666667,1357887.148,512686.817,1357887.148,512686.817,2136970669
764,NULL,1,44,I,12.28333333,93.05,1357884.904,505437.2045,1357884.904,505437.2045,2136970669
765,NULL,1,45,I,12.26666667,93.05,1356041.9,505437.5464,1356041.9,505437.5464,2136970669
766,NULL,1,46,I,12.26666667,93.03333333,1356041.62,503625.0307,1356041.62,503625.0307,2136970669
767,NULL,1,47,I,12.23333333,93.03333333,1352355.618,503625.4857,1352355.618,503625.4857,2136970669
768,NULL,1,48,I,12.23333333,93.01666667,1352355.451,501812.7428,1352355.451,501812.7428,2136970669
769,NULL,1,49,I,12.2,93.01666667,1348669.458,501812.9697,1348669.458,501812.9697,2136970669
770,NULL,1,50,I,12.2,93,1348669.403,500000,1348669.403,500000,2136970669
771,NULL,1,51,I,13.11666667,93,1450037.507,500000,1450037.507,500000,2136970669
772,NULL,1,52,I,13.11666667,93.05,1450038.044,505419.5248,1450038.044,505419.5248,2136970669
773,NULL,1,53,I,13.21666667,93.05,1461096.814,505417.3266,1461096.814,505417.3266,2136970669
774,NULL,1,54,I,13.21666667,93,1461096.273,500000,1461096.273,500000,2136970669
775,NULL,1,55,I,13.28333333,93,1468468.832,500000,1468468.832,500000,2136970669
776,NULL,1,56,I,13.28333333,93.01666667,1468468.892,501805.2838,1468468.892,501805.2838,2136970669
777,NULL,1,57,I,13.3,93.01666667,1470312.038,501805.1605,1470312.038,501805.1605,2136970669
778,NULL,1,58,I,13.3,93.03333333,1470312.219,503610.3212,1470312.219,503610.3212,2136970669
779,NULL,1,59,I,13.33333333,93.03333333,1473998.518,503609.8272,1473998.518,503609.8272,2136970669
790,NULL,1,1,I,13.16666667,92.33333333,1455662.625,427752.8337,1455662.625,427752.8337,2136970670
791,NULL,1,2,I,13.16666667,92.5,1455620.735,445815.108,1455620.735,445815.108,2136970670
792,NULL,1,3,I,13.33333333,92.5,1474052.764,445851.9757,1474052.764,445851.9757,2136970670
793,NULL,1,4,I,13.33333333,92.83333333,1474004.33,481950.8418,1474004.33,481950.8418,2136970670
794,NULL,1,5,I,13.16666667,92.83333333,1455572.863,481938.5532,1455572.863,481938.5532,2136970670
795,NULL,1,6,I,13.16666667,92.8,1455575.496,478326.2517,1455575.496,478326.2517,2136970670
796,NULL,1,7,I,13.18333333,92.8,1457418.635,478327.7181,1457418.635,478327.7181,2136970670
797,NULL,1,8,I,13.18333333,92.78333333,1457420.133,476521.6872,1457420.133,476521.6872,2136970670
798,NULL,1,9,I,13.16666667,92.78333333,1455576.992,476520.0985,1455576.992,476520.0985,2136970670
799,NULL,1,10,I,13.16666667,92.66666667,1455590.815,463876.9685,1455590.815,463876.9685,2136970670
800,NULL,1,11,I,12.93333333,92.66666667,1429786.866,463843.0705,1429786.866,463843.0705,2136970670
801,NULL,1,12,I,12.93333333,92.65,1429789.279,462035.2042,1429789.279,462035.2042,2136970670
802,NULL,1,13,I,12.88333333,92.65,1424259.912,462027.6586,1424259.912,462027.6586,2136970670
803,NULL,1,14,I,12.88333333,92.63333333,1424262.434,460219.43,1424262.434,460219.43,2136970670
804,NULL,1,15,I,12.83333333,92.63333333,1418733.079,460211.5552,1418733.079,460211.5552,2136970670
805,NULL,1,16,I,12.83333333,92.65,1418730.567,462020.1417,1418730.567,462020.1417,2136970670
806,NULL,1,17,I,12.76666667,92.65,1411358.139,462010.164,1411358.139,462010.164,2136970670
807,NULL,1,18,I,12.76666667,92.66666667,1411355.755,463819.2229,1411355.755,463819.2229,2136970670
808,NULL,1,19,I,12.16666667,92.66666667,1345005.652,463735.8938,1345005.652,463735.8938,2136970670
809,NULL,1,20,I,12.16666667,92.5,1345033.443,445603.4889,1345033.443,445603.4889,2136970670
810,NULL,1,21,I,11.66666667,92.5,1289742.808,445503.8554,1289742.808,445503.8554,2136970670
811,NULL,1,22,I,11.66666667,92.16666667,1289828.3,409171.1977,1289828.3,409171.1977,2136970670
812,NULL,1,23,I,11.68333333,92.16666667,1291671.405,409176.6227,1291671.405,409176.6227,2136970670
813,NULL,1,24,I,11.68333333,92.18333333,1291666.108,410993.2051,1291666.108,410993.2051,2136970670
814,NULL,1,25,I,11.7,92.18333333,1293509.208,410998.5291,1293509.208,410998.5291,2136970670
815,NULL,1,26,I,11.7,92.21666667,1293498.921,414631.4558,1293498.921,414631.4558,2136970670
816,NULL,1,27,I,11.71666667,92.21666667,1295342.01,414636.5696,1295342.01,414636.5696,2136970670
817,NULL,1,28,I,11.71666667,92.25,1295332.138,418269.2519,1295332.138,418269.2519,2136970670
818,NULL,1,29,I,11.75,92.25,1299018.295,418279.0648,1299018.295,418279.0648,2136970670
819,NULL,1,30,I,11.75,92.26666667,1299013.508,420095.1782,1299013.508,420095.1782,2136970670
820,NULL,1,31,I,11.76666667,92.26666667,1300856.583,420099.9856,1300856.583,420099.9856,2136970670
821,NULL,1,32,I,11.76666667,92.28333333,1300851.897,421915.9835,1300851.897,421915.9835,2136970670
822,NULL,1,33,I,11.85,92.28333333,1310067.273,421939.5729,1310067.273,421939.5729,2136970670
823,NULL,1,34,I,11.85,92.26666667,1310071.991,420124.1238,1310071.991,420124.1238,2136970670
824,NULL,1,35,I,11.95,92.26666667,1321130.551,420153.3115,1321130.551,420153.3115,2136970670
825,NULL,1,36,I,11.95,92.28333333,1321125.796,421968.097,1321125.796,421968.097,2136970670
826,NULL,1,37,I,11.98333333,92.28333333,1324811.987,421977.6576,1324811.987,421977.6576,2136970670
827,NULL,1,38,I,11.98333333,92.3,1324807.329,423792.2147,1324807.329,423792.2147,2136970670
828,NULL,1,39,I,12,92.3,1326650.422,423796.8935,1326650.422,423796.8935,2136970670
829,NULL,1,40,I,12,92.31666667,1326645.868,425611.3332,1326645.868,425611.3332,2136970670
830,NULL,1,41,I,12.16666667,92.31666667,1345076.855,425657.3503,1345076.855,425657.3503,2136970670
831,NULL,1,42,I,12.16666667,92.33333333,1345072.353,427470.6617,1345072.353,427470.6617,2136970670
832,NULL,1,43,I,13.16666667,92.33333333,1455662.625,427752.8337,1455662.625,427752.8337,2136970670
838,NULL,1,1,I,9.166666667,76.16666667,1021173.505,1289322.108,1021173.505,1289322.108,2136970673
839,NULL,1,2,I,9.166666667,76.33333333,1021547.489,1307773.595,1021547.489,1307773.595,2136970673
840,NULL,1,3,I,9,76.33333333,1002975.922,1308150.955,1002975.922,1308150.955,2136970673
841,NULL,1,4,I,9,76.5,1003352.016,1326617.854,1003352.016,1326617.854,2136970673
842,NULL,1,5,I,8.683333333,76.5,968052.9263,1327332.229,968052.9263,1327332.229,2136970673
843,NULL,1,6,I,8.683333333,76,966988.204,1271902.379,966988.204,1271902.379,2136970673
844,NULL,1,7,I,8.783333333,76,978123.4622,1271694.763,978123.4622,1271694.763,2136970673
845,NULL,1,8,I,8.783333333,76.08333333,978297.6052,1280926.467,978297.6052,1280926.467,2136970673
846,NULL,1,9,I,8.816666667,76.08333333,982009.9908,1280855.887,982009.9908,1280855.887,2136970673
847,NULL,1,10,I,8.816666667,76.06666667,981974.8647,1279009.589,981974.8647,1279009.589,2136970673
848,NULL,1,11,I,8.85,76.06666667,985687.1182,1278938.914,985687.1182,1278938.914,2136970673
849,NULL,1,12,I,8.85,76.05,985651.9487,1277092.851,985651.9487,1277092.851,2136970673
850,NULL,1,13,I,8.883333333,76.05,989364.0706,1277022.084,989364.0706,1277022.084,2136970673
851,NULL,1,14,I,8.883333333,76.03333333,989328.8584,1275176.255,989328.8584,1275176.255,2136970673
852,NULL,1,15,I,8.9,76.03333333,991184.8541,1275140.859,991184.8541,1275140.859,2136970673
853,NULL,1,16,I,8.9,76.01666667,991149.6636,1273295.18,991149.6636,1273295.18,2136970673
854,NULL,1,17,I,8.933333333,76.01666667,994861.525,1273224.362,994861.525,1273224.362,2136970673
855,NULL,1,18,I,8.933333333,76,994826.2929,1271378.918,994826.2929,1271378.918,2136970673
856,NULL,1,19,I,9.333333333,76,1039366.835,1270510.746,1039366.835,1270510.746,2136970673
857,NULL,1,20,I,9.333333333,75.83333333,1039004.221,1252080.92,1039004.221,1252080.92,2136970673
858,NULL,1,21,I,9.5,75.83333333,1057556.396,1251717.149,1057556.396,1251717.149,2136970673
859,NULL,1,22,I,9.5,76.16666667,1058303.202,1288564.885,1058303.202,1288564.885,2136970673
860,NULL,1,23,I,9.166666667,76.16666667,1021173.505,1289322.108,1021173.505,1289322.108,2136970673
